Date,Open,High,Low,Close,Adj Close,Volume
10/8/2015,30.01,30.209999,30.01,30.209999,26.390863,2000
10/9/2015,30.200001,30.200001,30.059999,30.16,26.347187,4300
10/12/2015,30.42,30.42,30.27,30.35,26.513168,2300
10/13/2015,30.16,30.16,30.16,30.16,26.347187,500
10/14/2015,30.16,30.16,30.16,30.16,26.347187,0
10/15/2015,30.030001,30.07,30.030001,30.07,26.268562,2500
10/16/2015,30.596001,30.66,30.596001,30.642,26.768255,400
10/19/2015,30.700001,31.01,30.700001,31,27.080992,2000
10/20/2015,31.360001,31.360001,30.99,31.030001,27.107201,3200
10/21/2015,31.055,31.055,31.055,31.055,27.12904,400
10/22/2015,31.18,31.462999,31.177,31.448,27.472355,2200
10/23/2015,31.052999,31.07,30.940001,31.07,27.142147,3500
10/26/2015,31.028,31.120001,31.028,31.110001,27.177088,600
10/27/2015,31.059999,31.120001,31,31.118,27.184074,3400
10/28/2015,31.24,31.33,31.004999,31.004999,27.085365,3200
10/29/2015,31.030001,31.146,31.01,31.146,27.208534,3900
10/30/2015,30.950001,30.950001,30.950001,30.950001,27.037315,200
11/2/2015,30.950001,30.950001,30.950001,30.950001,27.037315,100
11/3/2015,31.6,31.6,31.32,31.35,27.386747,500
11/4/2015,31.52,31.52,31.219999,31.219999,27.273176,1900
11/5/2015,31.280001,31.280001,30.950001,31.1,27.168354,23800
11/6/2015,30.379999,30.379999,29.950001,29.950001,26.163736,9000
11/9/2015,30.059999,30.104,29.6,29.709999,25.954073,45500
11/10/2015,30.110001,30.110001,29.85,30.030001,26.233624,27200
11/11/2015,30.105,30.26,29.99,30.134001,26.324474,27100
11/12/2015,29.860001,30.08,29.860001,29.950001,26.163736,63900
11/13/2015,29.82,29.870001,29.556,29.559999,25.82304,47700
11/16/2015,29.530001,29.620001,29.530001,29.530001,25.796833,4200
11/17/2015,30,30.18,29.93,29.99,26.198677,25700
11/18/2015,29.639999,30.344999,26.700001,30.344999,26.508799,28600
11/19/2015,30.41,30.549999,30.41,30.51,26.652941,3500
11/20/2015,30.709999,30.77,30.709999,30.76,26.871338,600
11/23/2015,30.969999,31.011999,30.92,30.92,27.011106,2400
11/24/2015,31.02,31.02,30.450001,30.450001,26.600529,2500
11/25/2015,30.450001,30.450001,30.450001,30.450001,26.600529,0
11/27/2015,30.68,30.68,30.68,30.68,26.801451,0
11/30/2015,31,31,30.722,30.75,26.862598,1600
12/1/2015,30.98,31.259001,30.98,31.259001,27.307251,5600
12/2/2015,31.110001,31.219999,30.620001,30.620001,26.749033,4400
12/3/2015,30.370001,30.370001,30.01,30.01,26.21615,800
12/4/2015,30.309999,30.83,30.309999,30.620001,26.749033,4400
12/7/2015,30.620001,30.620001,30.620001,30.620001,26.749033,0
12/8/2015,30.280001,30.76,29.92,30.719999,26.83639,4600
12/9/2015,30.51,30.549999,30.51,30.549999,26.687881,600
12/10/2015,30.299999,30.299999,30.299999,30.299999,26.469484,700
12/11/2015,30.18,30.18,30.138,30.138,26.327969,300
12/14/2015,30.1,30.27,30.09,30.231001,26.409208,600
12/15/2015,30.723,30.790001,30.58,30.58,26.714092,4100
12/16/2015,30.860001,31.129999,30.860001,31.129999,27.194559,1600
12/17/2015,31.459999,31.459999,31.058001,31.09,27.159618,2400
12/18/2015,30.563,30.59,30.35,30.35,26.806324,1400
12/21/2015,30.455999,30.455999,30.4,30.4,26.850481,500
12/22/2015,30.68,30.68,30.68,30.68,27.09779,200
12/23/2015,30.75,30.98,30.75,30.98,27.362764,4500
12/24/2015,30.856001,31.01,30.856001,31.01,27.389259,300
12/28/2015,31.030001,31.030001,30.92,30.927,27.31595,2100
12/29/2015,31.25,31.49,31.25,31.440001,27.769051,3500
12/30/2015,31.57,31.59,31.440001,31.440001,27.769051,2000
12/31/2015,31.32,31.389999,31.184,31.184,27.54294,36800
1/4/2016,30.98,30.98,30.361,30.459999,26.903481,1900
1/5/2016,30.93,31.382999,30.93,31.382999,27.718708,1500
1/6/2016,30.82,31.184999,30.82,31.08,27.451088,3700
1/7/2016,30.721001,30.75,30.507,30.51,26.947639,1500
1/8/2016,30.51,30.518999,30.08,30.110001,26.594341,4000
1/11/2016,30.290001,30.290001,30.290001,30.290001,26.753326,500
1/12/2016,30.040001,30.110001,29.959999,29.959999,26.461857,2300
1/13/2016,30.24,30.290001,29.65,29.65,26.188055,3300
1/14/2016,29.827999,29.827999,29.5,29.75,26.276375,3700
1/15/2016,29.146,29.299999,29.146,29.25,25.834759,1400
1/19/2016,29.51,29.51,29.355,29.450001,26.011408,4700
1/20/2016,28.66,28.889999,28.120001,28.66,25.313648,4600
1/21/2016,28.879999,28.879999,28.879999,28.879999,25.507957,100
1/22/2016,29.465,29.48,29.457001,29.48,26.037905,300
1/25/2016,29.48,29.48,29.48,29.48,26.037905,0
1/26/2016,29.59,29.856001,29.59,29.742001,26.269314,500
1/27/2016,29.48,29.48,29.48,29.48,26.037905,900
1/28/2016,29.48,29.49,29.16,29.16,25.755266,1700
1/29/2016,29.01,29.200001,29.01,29.190001,25.781765,600
2/1/2016,29.607,29.809999,29.607,29.809999,26.329374,700
2/2/2016,29.68,29.68,29.43,29.43,25.993744,1100
2/3/2016,29.68,29.68,29.047001,29.459999,26.020237,3800
2/4/2016,29.444,29.645,29.444,29.636999,26.176573,1500
2/5/2016,29.209999,29.209999,29.098,29.098,25.700504,200
2/8/2016,28.1,28.1,27.556,27.556,24.338549,700
2/9/2016,27.42,27.549999,27.070999,27.34,24.14777,1400
2/10/2016,27.92,27.92,27.92,27.92,24.660048,300
2/11/2016,27.299999,27.299999,27.219999,27.219999,24.041782,800
2/12/2016,27.219999,27.507999,27.219999,27.49,24.280256,1800
2/16/2016,27.49,27.49,27.49,27.49,24.280256,100
2/17/2016,28.4,28.450001,28.327999,28.35,25.039843,2600
2/18/2016,28.481001,28.700001,28.481001,28.700001,25.34898,3900
2/19/2016,28.66,28.66,28.66,28.66,25.313648,200
2/22/2016,29.1,29.155001,29.075001,29.1,25.702272,800
2/23/2016,28.950001,28.950001,28.950001,28.950001,25.569788,300
2/24/2016,28.919001,28.974001,28.91,28.974001,25.590984,800
2/25/2016,29.16,29.16,29.16,29.16,25.755266,100
2/26/2016,29.5,29.504999,29.370001,29.370001,25.94075,2500
2/29/2016,29.627001,29.65,29.33,29.33,25.905418,700
3/1/2016,29.799999,30.040001,29.790001,30.030001,26.523685,1000
3/2/2016,30.23,30.360001,30.190001,30.360001,26.815151,1300
3/3/2016,30.364,30.417999,30.364,30.402,26.852251,1100
3/4/2016,30.5,30.530001,30.440001,30.49,26.929976,1700
3/7/2016,30.610001,30.629999,30.469999,30.469999,26.912308,1500
3/8/2016,30.445,30.445,30.424,30.424,26.871679,600
3/9/2016,30.450001,30.517,30.25,30.330999,26.789539,3700
3/10/2016,30.65,30.65,30.188,30.188,26.66324,1000
3/11/2016,30.780001,30.889999,30.780001,30.889999,27.28327,400
3/14/2016,31.039,31.098,30.99,30.99,27.371593,3000
3/15/2016,31,31.195,31,31.195,27.552656,2300
3/16/2016,31.200001,31.205,30.959999,30.959999,27.345097,1500
3/17/2016,31.99,32.046001,31.98,31.996,28.260132,1100
3/18/2016,31.690001,31.780001,31.43,31.469999,28.061287,136400
3/21/2016,31.620001,31.620001,31.254999,31.309999,27.918615,3400
3/22/2016,31.219999,31.41,31.214001,31.254999,27.869576,1600
3/23/2016,31.264999,31.337,31.139999,31.139999,27.767031,2600
3/24/2016,31.01,31.190001,30.976999,31.190001,27.811615,2200
3/28/2016,31.01,31.469999,31.01,31.389999,27.989956,2600
3/29/2016,31.719999,32.07,31.51,32.07,28.596296,17300
3/30/2016,32.330002,32.330002,31.995001,32,28.533882,4200
3/31/2016,32,32.16,32,32.16,28.67655,11300
4/1/2016,32.022999,32.227001,32.022999,32.227001,28.736294,700
4/4/2016,32.271999,32.271999,32.099998,32.18,28.694382,5300
4/5/2016,31.9,31.9,31.875999,31.892,28.437578,300
4/6/2016,31.93,31.98,31.85,31.98,28.516047,600
4/7/2016,32.033001,32.033001,31.719999,31.719999,28.284208,2100
4/8/2016,32.189999,32.25,32.02,32.02,28.551718,1900
4/11/2016,32.056,32.203999,31.993999,32,28.533882,3100
4/12/2016,32.089001,32.189999,32.089001,32.139999,28.658714,1300
4/13/2016,32.139999,32.16,31.948999,32.016998,28.549036,2800
4/14/2016,31.969999,31.969999,31.844999,31.889999,28.435795,3600
4/15/2016,31.889999,32.110001,31.889999,32.110001,28.631968,700
4/18/2016,32.130001,32.23,31.85,32.23,28.738968,1000
4/19/2016,32.41,32.41,32.044998,32.119999,28.640882,32800
4/20/2016,32.009998,32.02,31.76,31.799999,28.355541,1900
4/21/2016,31.629999,31.656,31.01,31.063999,27.699266,1300
4/22/2016,31.389999,31.6,31.32,31.459999,28.05237,2400
4/25/2016,31.504999,31.681,31.504999,31.681,28.249432,2300
4/26/2016,31.976,31.976,31.77,31.77,28.328789,2500
4/27/2016,31.620001,31.65,31.506001,31.65,28.22179,1200
4/28/2016,33.150002,33.150002,31.681999,31.681999,28.250326,1100
4/29/2016,31.65,31.65,31.09,31.379999,27.981033,20100
5/2/2016,31.190001,31.809,31.190001,31.709999,28.275293,3800
5/3/2016,31.605,31.870001,31.605,31.870001,28.417965,4700
5/4/2016,31.674999,32.330002,31.674999,32.330002,28.828133,1700
5/5/2016,32.34,32.369999,32.305,32.360001,28.854887,2700
5/6/2016,32.256001,32.667999,32.235001,32.529999,29.006472,3800
5/9/2016,32.779999,32.901001,32.75,32.858002,29.29895,5200
5/10/2016,33.189999,33.189999,32.912998,32.98,29.40773,7700
5/11/2016,33.09,33.09,32.240002,32.380001,28.872725,7100
5/12/2016,32.470001,32.605,32.18,32.490002,28.97081,3600
5/13/2016,32.43,32.994999,31.91,32.021,28.552605,3700
5/16/2016,32.119999,32.5,32.119999,32.458,28.942268,7000
5/17/2016,32,32.099998,31.92,31.92,28.462545,2400
5/18/2016,31.940001,31.940001,31.132999,31.132999,27.760786,5700
5/19/2016,31.040001,31.158001,30.985001,31.07,27.704617,3000
5/20/2016,31.25,31.299999,31.224001,31.282,27.89365,2700
5/23/2016,31.41,31.42,31.35,31.379999,27.981033,4200
5/24/2016,31.700001,31.719999,31.59,31.59,28.168293,3500
5/25/2016,31.9,31.9,31.469999,31.804001,28.35911,5600
5/26/2016,31.68,31.790001,31.68,31.780001,28.337715,1000
5/27/2016,31.99,32.02,31.864,31.905001,28.449169,1500
5/31/2016,32.009998,32.009998,31.722,31.92,28.462545,2500
6/1/2016,31.75,31.809999,31.634001,31.799999,28.355541,2500
6/2/2016,31.832001,31.9,31.832001,31.9,28.44471,800
6/3/2016,31.91,32.16,31.91,32.043999,28.573114,2400
6/6/2016,32.09,32.09,31.9,32.060001,28.587383,3100
6/7/2016,32.060001,32.237999,32,32.085999,28.610561,2500
6/8/2016,32.07,32.25,32.049999,32.240002,28.747883,2700
6/9/2016,32.259998,32.307999,32.141998,32.307999,28.808521,6100
6/10/2016,32.119999,32.200001,32.119999,32.150002,28.667637,1600
6/13/2016,32.349998,32.388,32.139999,32.139999,28.658714,5800
6/14/2016,32.028,32.099998,31.950001,31.99,28.524963,4900
6/15/2016,32.230999,32.419998,32.230999,32.32,28.81922,8600
6/16/2016,32.183998,32.52,32.181999,32.486,28.967236,7200
6/17/2016,32.02,32.200001,31.898001,32.169998,28.922287,6800
6/20/2016,32.490002,32.490002,32.200001,32.200001,28.949257,4900
6/21/2016,32.369999,32.459999,32.369999,32.459999,29.18301,3200
6/22/2016,32.389999,32.470001,32.327,32.43,29.156038,2700
6/23/2016,32.530998,32.57,32.530998,32.57,29.281898,5300
6/24/2016,32,32.25,31.85,32.16,28.913296,5700
6/27/2016,32,32.209999,31.885,32.110001,28.868343,3400
6/28/2016,32.580002,32.700001,32.490002,32.700001,29.398781,8600
6/29/2016,33.240002,33.34,33.175999,33.32,29.95619,7600
6/30/2016,33.540001,33.599998,33.230999,33.59,30.198933,11900
7/1/2016,33.830002,33.830002,33.529999,33.57,30.18095,4900
7/5/2016,33.610001,33.84,33.610001,33.814999,30.401218,2300
7/6/2016,33.990002,33.990002,33.580002,33.77,30.36076,8300
7/7/2016,33.900002,33.900002,33.327999,33.349998,29.983156,3400
7/8/2016,33.73,34,33.601002,33.928001,30.502808,17900
7/11/2016,34.220001,34.220001,33.860001,34.189999,30.738359,6100
7/12/2016,34.259998,34.259998,33.970001,34.259998,30.801291,919000
7/13/2016,34.32,34.419998,34.210999,34.419998,30.945135,27800
7/14/2016,34.48,34.48,34.085999,34.229,30.773422,8400
7/15/2016,34.040001,34.179001,33.966999,34.179001,30.728476,304400
7/18/2016,34.220001,34.220001,34.07,34.189999,30.738359,6700
7/19/2016,34.105,34.290001,34.105,34.287998,30.826462,7200
7/20/2016,34.330002,34.330002,34.171001,34.240002,30.783308,9400
7/21/2016,34.259998,34.360001,34.110001,34.34,30.873209,8300
7/22/2016,34.5,34.720001,34.465,34.599998,31.10696,10900
7/25/2016,34.650002,34.650002,34.400002,34.549999,31.062012,22800
7/26/2016,34.650002,34.650002,34.320999,34.355,30.886702,8500
7/27/2016,34.57,34.57,33.98,34.099998,30.657442,8400
7/28/2016,34.16,34.419998,33.985001,34.310001,30.846247,10600
7/29/2016,34.360001,34.77,34.360001,34.678001,31.177095,17500
8/1/2016,34.709999,34.82,34.595001,34.790001,31.277784,30700
8/2/2016,34.75,34.75,34.193001,34.259998,30.801291,90100
8/3/2016,34.279999,34.279999,33.910999,34,30.567539,22000
8/4/2016,34.16,34.16,33.82,33.939999,30.513594,234100
8/5/2016,33.98,34.029999,33.880001,33.939999,30.513594,21500
8/8/2016,33.939999,34.068001,33.93,33.93,30.504606,45100
8/9/2016,34.099998,34.16,33.830002,34.16,30.711384,204300
8/10/2016,34.240002,34.240002,34.02,34.09,30.648451,12300
8/11/2016,34.215,34.215,33.619999,33.77,30.36076,19400
8/12/2016,34.110001,34.110001,33.794998,33.880001,30.459652,11600
8/15/2016,34.09,34.09,33.830002,33.84,30.423693,14900
8/16/2016,33.630001,33.630001,33.43,33.43,30.055082,18600
8/17/2016,33.599998,33.599998,33.259998,33.57,30.18095,18300
8/18/2016,33.59,33.59,33.400002,33.5,30.118015,11700
8/19/2016,33.439999,33.439999,33.130001,33.240002,29.884266,20900
8/22/2016,33.119999,33.400002,33.119999,33.400002,30.028112,56300
8/23/2016,33.540001,33.540001,33.380001,33.380001,30.010134,60600
8/24/2016,33.549999,33.549999,33.139999,33.290001,29.929214,58700
8/25/2016,33.130001,33.639999,33.130001,33.43,30.055082,24400
8/26/2016,33.540001,33.580002,32.900002,33.099998,29.758396,33700
8/29/2016,33.130001,33.48,33.069,33.43,30.055082,22900
8/30/2016,33.490002,33.490002,33.16,33.330002,29.965181,38600
8/31/2016,33.43,33.459999,33.189999,33.380001,30.010134,143400
9/1/2016,33.509998,33.509998,33.16,33.369999,30.001141,69500
9/2/2016,33.400002,33.889999,33.400002,33.59,30.198933,48900
9/6/2016,33.759998,33.889999,33.5,33.869999,30.450666,169500
9/7/2016,33.799999,33.860001,33.57,33.860001,30.602499,555900
9/8/2016,33.82,33.900002,33.43,33.43,30.213869,322500
9/9/2016,33.220001,33.220001,32.119999,32.16,29.06605,906700
9/12/2016,32.150002,32.68,32,32.290001,29.183546,5085900
9/13/2016,32.209999,32.34,31.66,31.719999,28.668379,926700
9/14/2016,32.209999,32.209999,31.65,31.780001,28.72261,532100
9/15/2016,31.83,32.049999,31.67,32.02,28.93952,528600
9/16/2016,32.049999,32.049999,31.719999,31.91,28.840101,2119500
9/19/2016,31.99,32.27,31.950001,32.240002,29.138355,4242400
9/20/2016,32.470001,32.470001,32.18,32.18,29.084126,3387100
9/21/2016,32.139999,32.639999,31.83,32.549999,29.418531,2247900
9/22/2016,32.77,33.25,32.77,33.189999,29.996958,1728200
9/23/2016,33.07,33.450001,32.84,33.32,30.114452,19150800
9/26/2016,33.150002,33.439999,33.130001,33.389999,30.177713,2998900
9/27/2016,33.369999,33.439999,33.060001,33.099998,29.915613,3562300
9/28/2016,33.110001,33.349998,33.060001,33.330002,30.123493,4122700
9/29/2016,33.18,33.290001,32.810001,32.919998,29.752934,2674400
9/30/2016,33.009998,33.279999,32.73,32.77,29.617363,2058000
10/3/2016,32.66,32.700001,32.09,32.139999,29.047972,2344800
10/4/2016,32.150002,32.150002,31.473,31.65,28.605114,3262600
10/5/2016,31.66,31.85,30.955,31.059999,28.071875,4848700
10/6/2016,30.92,31.33,30.629999,31.120001,28.126102,2438800
10/7/2016,31.190001,31.6,30.9,31.040001,28.053801,1711500
10/10/2016,31.049999,31.315001,31,31.16,28.162254,2403900
10/11/2016,31.08,31.200001,30.823,30.92,27.945345,1770400
10/12/2016,30.969999,31.360001,30.93,31.360001,28.34301,1411700
10/13/2016,31.27,31.540001,31.120001,31.459999,28.43339,3299300
10/14/2016,31.559999,31.73,31.35,31.42,28.397242,2381400
10/17/2016,31.42,31.610001,31.4,31.450001,28.424355,1148300
10/18/2016,31.65,31.809999,31.544001,31.610001,28.568964,4753200
10/19/2016,31.76,31.76,31.440001,31.73,28.677416,1515600
10/20/2016,31.57,31.83,31.465,31.620001,28.578005,1977100
10/21/2016,31.4,31.610001,31.35,31.6,28.559927,1295700
10/24/2016,31.65,31.959999,31.541,31.639999,28.596075,1108700
10/25/2016,31.530001,31.629999,31.41,31.6,28.559927,1402700
10/26/2016,31.4,31.5,30.99,31.190001,28.189363,1481900
10/27/2016,31.110001,31.110001,30.355,30.450001,27.520557,1409100
10/28/2016,30.549999,30.785,30.43,30.530001,27.592865,2338200
10/31/2016,30.6,30.98,30.521999,30.950001,27.97246,1071400
11/1/2016,30.870001,30.900999,30.205,30.34,27.421143,3438600
11/2/2016,30.25,30.32,29.870001,29.870001,26.996359,1699300
11/3/2016,29.82,29.92,29.68,29.74,26.878864,1922500
11/4/2016,29.77,30.049999,29.67,29.940001,27.059626,1757400
11/7/2016,30.139999,30.51,30.129999,30.49,27.556711,2997600
11/8/2016,30.379999,30.77,30.360001,30.68,27.728432,1513400
11/9/2016,29.68,30.243999,29.48,29.99,27.104815,4760900
11/10/2016,29.85,29.870001,29.073999,29.540001,26.698107,5345000
11/11/2016,29.469999,29.91,29.469999,29.57,26.72522,3702500
11/14/2016,29.41,30.27,29.200001,30.15,27.24942,4315200
11/15/2016,30.17,30.52,29.790001,29.950001,27.068663,3161100
11/16/2016,29.82,30.09,29.700001,29.93,27.050585,2059000
11/17/2016,29.860001,30.09,29.6,29.65,26.797523,1573600
11/18/2016,29.6,29.809999,29.5,29.709999,26.851749,1276900
11/21/2016,29.75,29.98,29.610001,29.629999,26.779446,1584900
11/22/2016,29.709999,30.190001,29.67,30.139999,27.240383,2567200
11/23/2016,29.870001,30.02,29.709999,29.93,27.050585,1666200
11/25/2016,29.940001,30.23,29.940001,30.059999,27.168081,790000
11/28/2016,30,30.385,30,30.17,27.267496,1957300
11/29/2016,30.110001,30.549999,30.110001,30.379999,27.457293,1769200
11/30/2016,30.1,30.254999,29.9,30.01,27.12289,2233900
12/1/2016,29.82,29.914,29.41,29.549999,26.707142,2486800
12/2/2016,29.639999,30.121,29.549999,29.83,26.960207,2399200
12/5/2016,29.83,30.105,29.764999,30.07,27.177118,1608800
12/6/2016,30.110001,30.379999,30.059999,30.200001,27.294611,1341000
12/7/2016,30.23,30.879999,30.23,30.83,27.864,2068400
12/8/2016,30.51,31.120001,30.51,30.99,28.00861,1703900
12/9/2016,30.940001,31.26,30.93,30.969999,27.990532,1664600
12/12/2016,30.85,31.304001,30.790001,31.290001,28.279747,2744800
12/13/2016,31.41,31.48,31.146999,31.370001,28.352051,2182100
12/14/2016,31.34,31.4,30.73,30.82,27.854961,3364000
12/15/2016,30.73,30.924999,30.51,30.57,27.629017,3224700
12/16/2016,30.129999,30.610001,30.09,30.440001,28.016499,3455600
12/19/2016,30.530001,30.809999,30.450001,30.709999,28.265001,2260000
12/20/2016,30.66,30.870001,30.555,30.73,28.283407,1764200
12/21/2016,30.75,30.940001,30.32,30.34,27.924459,1871800
12/22/2016,30.24,30.323999,30.006001,30.299999,27.88764,1399800
12/23/2016,30.32,30.43,30.23,30.33,27.915255,931600
12/27/2016,30.4,30.52,30.280001,30.41,27.988888,1143600
12/28/2016,30.389999,30.459999,30.115,30.18,27.777195,2570500
12/29/2016,30.209999,30.569,30.129999,30.459999,28.034904,1526200
12/30/2016,30.43,30.82,30.379999,30.75,28.301815,1853300
1/3/2017,30.860001,30.979,30.634001,30.85,28.393854,2682300
1/4/2017,30.870001,31.295,30.860001,31.24,28.752806,1838000
1/5/2017,31.08,31.42,30.834,31.4,28.900066,2198800
1/6/2017,31.25,31.549999,31.24,31.4,28.900066,1747500
1/9/2017,31.440001,31.469999,31.16,31.200001,28.715994,2125400
1/10/2017,31.15,31.200001,30.780001,30.809999,28.35704,1582700
1/11/2017,30.76,30.864,30.620001,30.639999,28.200575,2192400
1/12/2017,30.540001,30.795,30.389999,30.76,28.31102,1481100
1/13/2017,30.67,30.83,30.629999,30.690001,28.246592,1469600
1/17/2017,30.67,30.959999,30.6,30.940001,28.476686,1759100
1/18/2017,30.98,31.139999,30.889999,31.01,28.541117,1575700
1/19/2017,30.879999,30.91,30.645,30.709999,28.265001,1631100
1/20/2017,30.690001,30.93,30.65,30.9,28.439875,1605100
1/23/2017,30.84,31.15,30.84,31.09,28.614742,3551400
1/24/2017,31.02,31.209999,30.969999,31.1,28.623951,1890200
1/25/2017,31.25,31.25,30.823,30.91,28.449076,1630800
1/26/2017,30.91,31.1,30.860001,30.889999,28.43067,1486000
1/27/2017,30.969999,31,30.52,30.629999,28.19137,1649800
1/30/2017,30.51,30.66,30.370001,30.459999,28.034904,2281100
1/31/2017,30.52,30.879999,30.51,30.709999,28.265001,1712200
2/1/2017,30.67,30.870001,30.35,30.370001,27.95207,1835900
2/2/2017,30.32,30.77,30.32,30.73,28.283407,2040600
2/3/2017,30.91,31.02,30.809999,30.93,28.467484,1745200
2/6/2017,30.870001,30.950001,30.700001,30.74,28.292608,1362600
2/7/2017,30.799999,30.870001,30.645,30.68,28.237389,1496700
2/8/2017,30.639999,31.004999,30.639999,30.940001,28.476686,1378900
2/9/2017,30.940001,31.09,30.889999,31.07,28.59634,1821600
2/10/2017,31.02,31.299999,30.98,31.280001,28.789618,1524500
2/13/2017,31.34,31.48,31.18,31.43,28.927677,1896700
2/14/2017,31.35,31.372,30.99,31.27,28.780413,2444600
2/15/2017,31.049999,31.25,30.9,31.18,28.697578,3360300
2/16/2017,31.15,31.549999,31.139999,31.309999,28.817228,3238300
2/17/2017,31.280001,31.49,31.215,31.4,28.900066,3247900
2/21/2017,31.35,31.865,31.34,31.83,29.295828,4280800
2/22/2017,31.84,31.969999,31.58,31.709999,29.185389,2463200
2/23/2017,31.84,31.959999,31.67,31.92,29.378664,1938400
2/24/2017,31.92,32.095001,31.77,32.080002,29.525927,2542500
2/27/2017,32.09,32.349998,32.09,32.240002,29.673189,1902400
2/28/2017,32.150002,32.286999,32.073002,32.139999,29.58115,2041100
3/1/2017,32.060001,32.248001,31.92,32.060001,29.507521,3039800
3/2/2017,32,32.09,31.870001,31.959999,29.415482,2142800
3/3/2017,31.889999,31.959999,31.57,31.860001,29.323441,1804500
3/6/2017,31.719999,31.799999,31.584999,31.73,29.203793,2279600
3/7/2017,31.709999,31.719999,31.454,31.620001,29.102554,1645900
3/8/2017,31.450001,31.540001,31.135,31.15,28.669973,1665900
3/9/2017,31.139999,31.264999,30.700001,30.75,28.301815,3171600
3/10/2017,30.91,31.16,30.540001,30.719999,28.274204,1691100
3/13/2017,30.719999,30.907,30.665001,30.76,28.31102,1929300
3/14/2017,30.719999,30.82,30.6,30.719999,28.274204,2139600
3/15/2017,30.790001,31.450001,30.790001,31.309999,28.817228,3130200
3/16/2017,31.299999,31.440001,31.16,31.24,28.752806,1667700
3/17/2017,31.08,31.247,31.01,31.1,28.806528,2376300
3/20/2017,31.1,31.245001,31.049999,31.129999,28.834314,1573300
3/21/2017,31.200001,31.34,31.065001,31.08,28.788002,3225200
3/22/2017,31.139999,31.177,30.860001,31.15,28.85284,3095500
3/23/2017,31.1,31.565001,31.1,31.379999,29.065874,2233400
3/24/2017,31.440001,31.530001,31.268,31.35,29.038092,3880200
3/27/2017,31.280001,31.395,31.035,31.1,28.806528,3656300
3/28/2017,31.08,31.32,30.940001,31.280001,28.973251,2237100
3/29/2017,31.200001,31.4,31.16,31.389999,29.075142,1632300
3/30/2017,31.32,31.49,31.125,31.459999,29.139977,1888600
3/31/2017,31.42,31.700001,31.379999,31.6,29.269655,2066900
4/3/2017,31.66,31.700001,31.514999,31.639999,29.306702,1877400
4/4/2017,31.639999,31.799999,31.525999,31.549999,29.223337,1737500
4/5/2017,31.58,31.77,31.549999,31.6,29.269655,2115200
4/6/2017,31.58,31.799999,31.450001,31.780001,29.436382,1374700
4/7/2017,31.780001,31.940001,31.73,31.82,29.473431,1401000
4/10/2017,31.9,32.080002,31.790001,32.040001,29.677204,1474200
4/11/2017,32.060001,32.249001,32.025002,32.189999,29.816141,1626600
4/12/2017,32.139999,32.279999,32.080002,32.139999,29.769831,1814200
4/13/2017,32.139999,32.216,32.049999,32.07,29.704992,2052000
4/17/2017,32.099998,32.450001,32.099998,32.439999,30.047707,2002800
4/18/2017,32.360001,32.560001,32.290001,32.52,30.121809,4023300
4/19/2017,32.549999,32.591,32.404999,32.450001,30.056969,1692800
4/20/2017,32.419998,32.48,32.279999,32.439999,30.047707,2695000
4/21/2017,32.400002,32.540001,32.25,32.330002,29.945818,2376700
4/24/2017,32.459999,32.5,31.77,32.009998,29.649416,1928000
4/25/2017,32.07,32.130001,31.955,32.080002,29.714258,1458500
4/26/2017,32.02,32.09,31.780001,31.809999,29.464165,1489400
4/27/2017,31.82,32.02,31.77,31.83,29.482691,1436500
4/28/2017,31.790001,31.82,31.49,31.65,29.315969,1816500
5/1/2017,31.700001,31.907,31.58,31.85,29.501217,2636700
5/2/2017,31.82,31.971001,31.719999,31.860001,29.510479,1845600
5/3/2017,31.809999,31.93,31.389999,31.469999,29.149239,2193400
5/4/2017,31.309999,31.533001,31.139999,31.5,29.177029,1428400
5/5/2017,31.530001,31.76,31.530001,31.75,29.408592,1717400
5/8/2017,31.709999,31.834,31.42,31.58,29.251129,1279800
5/9/2017,31.540001,31.59,31.35,31.459999,29.139977,1770200
5/10/2017,31.459999,31.74,31.4,31.629999,29.29744,1520300
5/11/2017,31.49,31.51,31.23,31.48,29.158503,1999100
5/12/2017,31.469999,31.51,31.32,31.360001,29.047354,1506800
5/15/2017,31.360001,31.66,31.354,31.5,29.177029,2380100
5/16/2017,31.48,31.49,31.264999,31.34,29.028828,1369100
5/17/2017,31.25,31.690001,31.25,31.540001,29.214079,2978800
5/18/2017,31.450001,31.665001,31.290001,31.6,29.269655,2455800
5/19/2017,31.57,31.93,31.440001,31.780001,29.436382,1397300
5/22/2017,31.780001,31.969999,31.719999,31.860001,29.510479,1371300
5/23/2017,31.889999,32.029999,31.85,31.9,29.547529,1995000
5/24/2017,31.870001,32.130001,31.870001,32.080002,29.714258,1051700
5/25/2017,32.139999,32.348,32.029999,32.200001,29.825409,1042900
5/26/2017,32.209999,32.268002,31.92,32,29.640158,1352100
5/30/2017,31.99,32.060001,31.9,31.91,29.556795,898800
5/31/2017,31.950001,32.060001,31.809999,31.860001,29.510479,1616300
6/1/2017,31.870001,32.009998,31.725,31.959999,29.603104,1563000
6/2/2017,32.139999,32.306999,32.07,32.240002,29.862457,1224900
6/5/2017,32.189999,32.240002,32,32.16,29.788355,1287600
6/6/2017,32.169998,32.169998,31.98,32.009998,29.649416,1316500
6/7/2017,32.049999,32.209999,31.950001,32.18,29.806883,1078800
6/8/2017,32.169998,32.23,31.77,32.029999,29.66794,2293800
6/9/2017,31.98,32.259998,31.889999,32.18,29.806883,1787600
6/12/2017,32.09,32.400002,32.009998,32.389999,30.00139,3136000
6/13/2017,32.450001,32.490002,32.27,32.470001,30.075497,1567300
6/14/2017,32.740002,32.790001,32.465,32.57,30.168119,2232900
6/15/2017,32.43,32.823002,32.349998,32.73,30.31632,1347300
6/16/2017,32.509998,32.529999,32.310001,32.439999,30.299507,1754100
6/19/2017,32.470001,32.5,32.32,32.459999,30.31819,6082200
6/20/2017,32.490002,32.57,32.183998,32.400002,30.26215,2348900
6/21/2017,32.41,32.439999,32.16,32.330002,30.196768,1659900
6/22/2017,32.290001,32.450001,32.202999,32.349998,30.215448,5944300
6/23/2017,32.349998,32.619999,32.346001,32.490002,30.346214,8197700
6/26/2017,32.540001,32.776001,32.540001,32.639999,30.486311,2483200
6/27/2017,32.549999,32.834999,32.509998,32.509998,30.364891,2173300
6/28/2017,32.59,32.669998,32.48,32.549999,30.40225,2715000
6/29/2017,32.34,32.419998,32.16,32.220001,30.094028,3041700
6/30/2017,32.25,32.450001,32.110001,32.200001,30.075348,1256800
7/3/2017,32.34,32.560001,32.220001,32.5,30.355551,1035700
7/5/2017,32.419998,32.580002,32.02,32.110001,29.991285,2908600
7/6/2017,32,32.009998,31.49,31.530001,29.449554,1840000
7/7/2017,31.52,31.790001,31.52,31.709999,29.617678,1325000
7/10/2017,31.73,31.799999,31.450001,31.459999,29.384172,1098200
7/11/2017,31.43,31.530001,31.209999,31.41,29.337473,1279300
7/12/2017,31.58,31.93,31.58,31.82,29.720419,1910800
7/13/2017,31.83,31.934999,31.77,31.879999,29.776461,1181500
7/14/2017,31.99,32.240002,31.99,32.200001,30.075348,1167400
7/17/2017,32.169998,32.330002,32.119999,32.27,30.140726,2285100
7/18/2017,32.27,32.360001,32.18,32.23,30.103367,2302900
7/19/2017,32.220001,32.470001,32.130001,32.470001,30.327534,4613900
7/20/2017,32.540001,32.580002,32.360001,32.380001,30.243471,1048300
7/21/2017,32.360001,32.470001,32.279999,32.439999,30.299507,1201000
7/24/2017,32.439999,32.470001,32.259998,32.419998,30.280827,1091500
7/25/2017,32.43,32.43,32.200001,32.419998,30.280827,2142800
7/26/2017,32.43,32.77,32.34,32.689999,30.533012,1903800
7/27/2017,32.560001,32.756001,32.32,32.66,30.504992,2164700
7/28/2017,32.59,32.77,32.52,32.639999,30.486311,2060200
7/31/2017,32.619999,32.654999,32.360001,32.59,30.439613,1526500
8/1/2017,32.650002,32.84,32.450001,32.73,30.570375,2364500
8/2/2017,32.650002,32.650002,32.450001,32.57,30.420931,1712500
8/3/2017,32.549999,32.66,32.389999,32.490002,30.346214,1101300
8/4/2017,32.459999,32.66,32.459999,32.59,30.439613,939600
8/7/2017,32.560001,32.639999,32.43,32.57,30.420931,781900
8/8/2017,32.509998,32.560001,32.32,32.419998,30.280827,1070700
8/9/2017,32.419998,32.5,32.299999,32.459999,30.31819,1134400
8/10/2017,32.369999,32.419998,32.154999,32.169998,30.047323,1412000
8/11/2017,32.080002,32.200001,31.823999,31.959999,29.851183,1548100
8/14/2017,32.080002,32.535,32.07,32.490002,30.346214,1196900
8/15/2017,32.380001,32.439999,32.224998,32.43,30.290171,2138100
8/16/2017,32.459999,32.645,32.459999,32.529999,30.383568,1043500
8/17/2017,32.48,32.595001,32.299999,32.299999,30.168745,1376000
8/18/2017,32.23,32.23,31.969999,32.060001,29.944586,1276900
8/21/2017,32.099998,32.459999,32.02,32.389999,30.25281,1094500
8/22/2017,32.450001,32.52,32.240002,32.369999,30.234125,1150200
8/23/2017,32.34,32.75,32.310001,32.700001,30.542355,974000
8/24/2017,32.75,32.93,32.630001,32.639999,30.486311,1595100
8/25/2017,32.759998,32.91,32.650002,32.799999,30.635756,1063600
8/28/2017,32.84,32.860001,32.540001,32.630001,30.476971,895100
8/29/2017,32.599998,32.75,32.59,32.610001,30.458294,2577300
8/30/2017,32.580002,32.77,32.450001,32.759998,30.598394,963600
8/31/2017,32.869999,33.040001,32.799999,32.919998,30.747835,1816200
9/1/2017,32.959999,33.049999,32.880001,32.919998,30.747835,1656200
9/5/2017,32.939999,33.029999,32.689999,32.889999,30.71982,2346200
9/6/2017,32.990002,33.099998,32.895,32.939999,30.766516,2529300
9/7/2017,32.990002,33.255001,32.939999,33.189999,31.000021,1652700
9/8/2017,33.150002,33.314999,33.080002,33.200001,31.009361,1102000
9/11/2017,33.23,33.459999,33.23,33.439999,31.233524,1267500
9/12/2017,33.41,33.439999,32.945,33.080002,30.897282,1335600
9/13/2017,33.060001,33.060001,32.82,32.939999,30.766516,1286700
9/14/2017,32.889999,33.18,32.759998,33.169998,30.981342,1492500
9/15/2017,32.869999,33.049999,32.790001,33.049999,31.090466,3210600
9/18/2017,33,33.105,32.779999,32.860001,30.91173,1012300
9/19/2017,32.860001,32.889999,32.439999,32.529999,30.601297,1991000
9/20/2017,32.580002,32.650002,32.290001,32.439999,30.516632,1283800
9/21/2017,32.419998,32.599998,32.380001,32.389999,30.469597,2548100
9/22/2017,32.360001,32.459999,32.076,32.110001,30.2062,1542300
9/25/2017,32.119999,32.32,32.099998,32.23,30.319084,1180600
9/26/2017,32.27,32.349998,32.200001,32.259998,30.347301,1360500
9/27/2017,32.150002,32.220001,31.879999,31.99,30.093313,1612400
9/28/2017,31.959999,32.240002,31.940001,32.220001,30.309675,1318900
9/29/2017,32.169998,32.27,32.07,32.240002,30.328487,2488500
10/2/2017,32.279999,32.341,32.110001,32.119999,30.215605,1814800
10/3/2017,32.119999,32.195999,32.041,32.110001,30.2062,2533700
10/4/2017,32.119999,32.407001,32.049999,32.389999,30.469597,1743100
10/5/2017,32.43,32.610001,32.43,32.490002,30.563669,1766800
10/6/2017,32.34,32.435001,32.09,32.400002,30.479008,1274600
10/9/2017,32.439999,32.540001,32.349998,32.470001,30.544855,1148000
10/10/2017,32.540001,32.73,32.462002,32.52,30.59189,987300
10/11/2017,32.560001,32.75,32.52,32.700001,30.761219,1176400
10/12/2017,32.73,32.950001,32.68,32.93,30.977583,2136200
10/13/2017,33.07,33.117001,32.900002,33.02,31.062243,1857900
10/16/2017,32.990002,33.080002,32.834999,32.860001,30.91173,1423900
10/17/2017,32.810001,32.889999,32.75,32.860001,30.91173,1767600
10/18/2017,32.830002,32.91,32.740002,32.799999,30.855289,1294100
10/19/2017,32.790001,32.860001,32.654999,32.779999,30.836472,1472800
10/20/2017,32.790001,32.830002,32.615002,32.73,30.789436,1253000
10/23/2017,32.799999,32.799999,32.57,32.610001,30.676552,1095700
10/24/2017,32.560001,32.639999,32.290001,32.400002,30.479008,1940700
10/25/2017,32.310001,32.404999,32.130001,32.32,30.403749,1912300
10/26/2017,32.439999,32.439999,32.029999,32.139999,30.234419,1646400
10/27/2017,32.080002,32.310001,31.865,32.189999,30.281452,2042500
10/30/2017,32.080002,32.57,32.080002,32.389999,30.469597,1738800
10/31/2017,32.369999,32.5,32.169998,32.5,30.573076,2091600
11/1/2017,32.549999,32.599998,32.415001,32.470001,30.544855,2057700
11/2/2017,32.549999,32.943001,32.509998,32.75,30.80825,2972100
11/3/2017,32.57,32.799999,32.5,32.75,30.80825,2023300
11/6/2017,32.939999,33.384998,32.91,33.25,31.27861,2303700
11/7/2017,33.299999,33.610001,33.299999,33.560001,31.570225,2246700
11/8/2017,33.57,33.880001,33.459999,33.810001,31.805408,2190800
11/9/2017,33.700001,33.970001,33.330002,33.810001,31.805408,1663300
11/10/2017,33.689999,33.91,33.613998,33.810001,31.805408,1760800
11/13/2017,33.900002,34.023998,33.810001,33.91,31.899475,1510300
11/14/2017,33.889999,33.950001,33.759998,33.880001,31.871254,2062000
11/15/2017,33.860001,33.889999,33.599998,33.630001,31.636084,1761200
11/16/2017,33.610001,33.849998,33.610001,33.759998,31.758371,2092100
11/17/2017,33.619999,33.799999,33.549999,33.560001,31.570225,1758600
11/20/2017,33.59,33.630001,33.439999,33.48,31.49497,1567000
11/21/2017,33.580002,33.695,33.516998,33.66,31.664299,1228600
11/22/2017,33.639999,33.669998,33.490002,33.549999,31.560816,881100
11/24/2017,33.59,33.720001,33.59,33.669998,31.67371,407300
11/27/2017,33.700001,33.73,33.57,33.57,31.57963,652400
11/28/2017,33.599998,33.630001,33.32,33.490002,31.504379,1720900
11/29/2017,33.48,33.507,33.209999,33.41,31.429119,2106900
11/30/2017,33.490002,33.549999,33.330002,33.450001,31.466751,2192500
12/1/2017,33.509998,33.639999,33.23,33.509998,31.52319,3029400
12/4/2017,33.560001,33.68,33.07,33.07,31.109283,1627500
12/5/2017,33.110001,33.139999,32.93,32.939999,30.986984,1918200
12/6/2017,32.959999,33.060001,32.84,32.990002,31.034021,1815200
12/7/2017,33.029999,33.16,32.900002,33.119999,31.156319,1290400
12/8/2017,33.18,33.259998,33.110001,33.200001,31.231569,1444000
12/11/2017,33.189999,33.279999,33.075001,33.279999,31.306824,1670700
12/12/2017,33.389999,33.528999,33.169998,33.43,31.447933,1017900
12/13/2017,33.48,33.669998,33.400002,33.419998,31.438524,1735300
12/14/2017,33.450001,33.57,33.400002,33.450001,31.466751,981400
12/15/2017,33.200001,33.27,33.058998,33.189999,31.566608,1770300
12/18/2017,33.25,33.455002,33.25,33.299999,31.671236,1096400
12/19/2017,33.299999,33.310001,32.610001,32.669998,31.072048,1713000
12/20/2017,32.669998,32.728001,32.310001,32.32,30.739172,1431000
12/21/2017,32.400002,32.419998,32.150002,32.209999,30.634546,1218500
12/22/2017,32.259998,32.459999,32.200001,32.419998,30.834274,1012800
12/26/2017,32.439999,32.650002,32.380001,32.59,30.995962,811600
12/27/2017,32.669998,32.779999,32.619999,32.720001,31.119606,4420200
12/28/2017,32.75,32.919998,32.66,32.91,31.300308,1133100
12/29/2017,32.959999,33.040001,32.869999,32.939999,31.32884,925600
1/2/2018,32.990002,33.040001,32.709999,32.75,31.148134,1744200
1/3/2018,32.790001,32.84,32.66,32.759998,31.157646,1715100
1/4/2018,32.75,32.75,32.200001,32.200001,30.625036,1824100
1/5/2018,32.27,32.325001,32.18,32.27,30.69161,1400200
1/8/2018,32.310001,32.529999,32.279999,32.490002,30.900854,990600
1/9/2018,32.470001,32.490002,32.099998,32.119999,30.54895,1277200
1/10/2018,31.969999,31.98,31.469999,31.620001,30.073408,2174500
1/11/2018,31.700001,31.74,31.351999,31.42,29.883188,1343200
1/12/2018,31.389999,31.43,31.103001,31.190001,29.664438,1657200
1/16/2018,31.379999,31.85,31.27,31.34,29.8071,5520200
1/17/2018,31.43,31.610001,31.309999,31.52,29.978296,1713400
1/18/2018,31.469999,31.48,31.17,31.219999,29.69297,2276600
1/19/2018,31.299999,31.459999,31.200001,31.440001,29.90221,1641000
1/22/2018,31.459999,31.75,31.43,31.74,30.187532,2095700
1/23/2018,31.809999,32.23,31.75,32.23,30.65357,1873300
1/24/2018,32.139999,32.259998,32.009998,32.139999,30.56797,2990100
1/25/2018,32.119999,32.139999,31.865,32.07,30.501396,2115900
1/26/2018,32.080002,32.167,31.91,32.16,30.586992,1472300
1/29/2018,32.07,32.110001,31.76,31.790001,30.235092,2092900
1/30/2018,31.65,31.780001,31.549999,31.66,30.111448,2347200
1/31/2018,31.709999,32.32,31.530001,32.310001,30.729658,4213100
2/1/2018,32.209999,32.419998,31.66,31.719999,30.168514,3937800
2/2/2018,31.4,31.629999,31.16,31.360001,29.826124,3719200
2/5/2018,31.25,31.59,30.49,30.549999,29.055742,7652400
2/6/2018,30.290001,30.66,29.82,30.49,28.998678,6741200
2/7/2018,30.42,30.879999,30.32,30.35,28.865522,10201500
2/8/2018,30.280001,30.57,29.379999,29.4,27.961992,10497600
2/9/2018,29.549999,30.32,29.17,30.09,28.618244,9654500
2/12/2018,30.219999,30.32,29.440001,30.17,28.694328,5294500
2/13/2018,30.09,30.48,29.99,30.389999,28.903566,3049300
2/14/2018,30.1,30.231001,29.74,30.200001,28.722862,4055300
2/15/2018,30.219999,30.530001,30.09,30.48,28.989166,2924100
2/16/2018,30.48,30.82,30.469999,30.68,29.179382,7702800
2/20/2018,30.52,30.84,30.35,30.370001,28.884546,12237200
2/21/2018,30.360001,30.469999,29.809999,29.809999,28.351936,3924000
2/22/2018,29.93,30.41,29.93,30.15,28.675304,2969600
2/23/2018,30.280001,30.700001,30.209999,30.700001,29.198404,3106500
2/26/2018,30.790001,30.84,30.607,30.809999,29.303022,2436200
2/27/2018,30.84,30.85,30.15,30.15,28.675304,5371800
2/28/2018,30.309999,30.559999,30.110001,30.110001,28.637266,3312500
3/1/2018,30.120001,30.43,29.860001,29.959999,28.494596,5627200
3/2/2018,29.85,29.92,29.610001,29.860001,28.399492,4863200
3/5/2018,29.74,30.385,29.66,30.280001,28.79895,2574200
3/6/2018,30.27,30.49,30.09,30.4,28.913078,11143400
3/7/2018,30.24,30.6,30.17,30.530001,29.036722,19120500
3/8/2018,30.620001,30.77,30.49,30.77,29.26498,2200900
3/9/2018,30.780001,30.969999,30.632999,30.969999,29.455198,2277300
3/12/2018,30.969999,31.195999,30.93,31.120001,29.59786,3270400
3/13/2018,31.200001,31.370001,31.09,31.219999,29.69297,2837200
3/14/2018,31.299999,31.365,31.16,31.280001,29.750036,3261600
3/15/2018,31.309999,31.415001,31.139999,31.280001,29.750036,3602400
3/16/2018,31.07,31.309999,30.985001,31.26,29.905975,2807500
3/19/2018,31.26,31.26,30.77,30.950001,29.609404,4095700
3/20/2018,30.969999,31.190001,30.823999,30.940001,29.599836,3647200
3/21/2018,30.940001,31.030001,30.52,30.66,29.331963,4715800
3/22/2018,30.620001,31.02,30.52,30.549999,29.226727,5319800
3/23/2018,30.6,30.639999,29.99,30.07,28.767521,6203100
3/26/2018,30.32,30.535,30.129999,30.48,29.15976,4544100
3/27/2018,30.49,30.959999,30.190001,30.530001,29.207598,6480500
3/28/2018,30.629999,31.205,30.629999,31.09,29.74334,7058300
3/29/2018,31.190001,31.23,30.965,31.08,29.733772,4264100
4/2/2018,31.120001,31.190001,30.48,30.700001,29.370232,6294600
4/3/2018,30.76,30.915001,30.52,30.809999,29.475468,7277400
4/4/2018,30.620001,31.24,30.549999,31.17,29.819872,5217200
4/5/2018,31.219999,31.225,30.93,31.200001,29.848576,3365500
4/6/2018,31.110001,31.34,30.809999,30.879999,29.542433,5657600
4/9/2018,30.940001,31.139999,30.795,30.870001,29.532867,3302000
4/10/2018,31.08,31.08,30.540001,30.66,29.331963,6040300
4/11/2018,30.57,31.02,30.57,30.74,29.408497,2896700
4/12/2018,30.82,30.91,30.309999,30.379999,29.064093,2634500
4/13/2018,30.389999,30.59,30.35,30.540001,29.217161,3011700
4/16/2018,30.620001,30.805,30.49,30.68,29.351099,2515300
4/17/2018,30.77,31.27,30.658001,31.09,29.74334,2845800
4/18/2018,31.129999,31.200001,31.01,31.01,29.666807,2118000
4/19/2018,30.9,30.93,30.309999,30.49,29.169325,2723000
4/20/2018,30.530001,30.606001,30.18,30.219999,28.911022,3173400
4/23/2018,30.219999,30.389999,30.135,30.280001,28.968426,1929900
4/24/2018,30.309999,30.48,30.16,30.309999,28.997124,3914000
4/25/2018,30.26,30.360001,30.033001,30.209999,28.901453,2337900
4/26/2018,30.309999,30.783001,30.285999,30.6,29.274563,2621900
4/27/2018,30.51,31.110001,30.34,31.01,29.666807,3408300
4/30/2018,30.940001,31.129999,30.85,30.889999,29.552002,2895500
5/1/2018,30.940001,31.135,30.823,31.110001,29.762472,3077000
5/2/2018,31,31.129999,30.791,30.969999,29.628534,3362800
5/3/2018,30.93,31.084999,30.799999,30.959999,29.618969,3260600
5/4/2018,30.93,31.4,30.92,31.309999,29.95381,1804100
5/7/2018,31.360001,31.43,31.235001,31.370001,30.011211,1737500
5/8/2018,31.27,31.32,31.045,31.15,29.800739,1693200
5/9/2018,31.15,31.389999,31.059999,31.389999,30.030342,1498200
5/10/2018,31.5,31.745001,31.469999,31.68,30.307787,1628800
5/11/2018,31.690001,31.809999,31.49,31.530001,30.164282,1206700
5/14/2018,31.540001,31.559999,31.15,31.309999,29.95381,1882900
5/15/2018,31.110001,31.110001,30.695,30.780001,29.446768,2371100
5/16/2018,30.85,30.959999,30.639999,30.700001,29.370232,1562100
5/17/2018,30.67,30.719999,30.459999,30.540001,29.217161,1758200
5/18/2018,30.559999,30.719999,30.43,30.559999,29.236298,1395300
5/21/2018,30.629999,30.955,30.43,30.870001,29.532867,1477100
5/22/2018,30.870001,30.950001,30.719999,30.91,29.571135,1567200
5/23/2018,30.9,31.27,30.889999,31.16,29.810305,1543900
5/24/2018,31.17,31.290001,30.885,31.040001,29.695505,1537500
5/25/2018,31.07,31.32,31.07,31.190001,29.839008,1713600
5/29/2018,31.120001,31.375,30.99,31.27,29.915543,3255100
5/30/2018,31.24,31.805,31.16,31.68,30.307787,3589000
5/31/2018,31.540001,31.68,31.440001,31.58,30.212114,3811900
6/1/2018,31.57,31.775,31.48,31.709999,30.336483,2424400
6/4/2018,31.780001,32.02,31.674999,32.02,30.633057,3660700
6/5/2018,32.07,32.134998,31.809999,31.860001,30.479988,2623600
6/6/2018,31.84,31.959999,31.715,31.950001,30.566088,2120300
6/7/2018,31.98,32.029999,31.76,31.950001,30.566088,4379700
6/8/2018,31.92,32.084999,31.870001,32.060001,30.671324,2237300
6/11/2018,32.029999,32.16,31.99,32.049999,30.661757,1788600
6/12/2018,31.92,32.310001,31.915001,32.23,30.83396,1508900
6/13/2018,32.23,32.27,31.475,31.51,30.145147,2002600
6/14/2018,31.629999,31.938999,31.629999,31.809999,30.432152,2131100
6/15/2018,31.530001,31.76,31.452999,31.49,30.382946,2439000
6/18/2018,31.389999,31.549999,31.285,31.459999,30.353998,2107100
6/19/2018,31.34,31.674999,31.34,31.5,30.392593,2535800
6/20/2018,31.540001,31.870001,31.48,31.84,30.720638,3725000
6/21/2018,31.870001,32.07,31.780001,32.029999,30.903957,2827000
6/22/2018,32.139999,32.34,31.934999,32.310001,31.17412,2292900
6/25/2018,32.330002,32.384998,32.044998,32.23,31.09693,6956700
6/26/2018,32.27,32.544998,32.16,32.400002,31.260956,2106700
6/27/2018,32.48,32.610001,32.310001,32.310001,31.17412,3679600
6/28/2018,32.299999,32.68,32.299999,32.630001,31.482868,2795800
6/29/2018,32.599998,32.860001,32.34,32.709999,31.560055,2923000
7/2/2018,32.669998,32.75,32.154999,32.52,31.376736,6280200
7/3/2018,32.560001,32.98,32.470001,32.709999,31.560055,2916200
7/5/2018,32.77,33.16,32.705002,33.139999,31.974937,2699600
7/6/2018,33.23,33.349998,33.165001,33.279999,32.110016,2440800
7/9/2018,33.330002,33.330002,32.810001,32.970001,31.810917,2344600
7/10/2018,32.990002,33.169998,32.799999,33.130001,31.965288,3077300
7/11/2018,33.099998,33.189999,32.974998,33.029999,31.868805,2347300
7/12/2018,33.110001,33.169998,32.939999,33.110001,31.945995,1660700
7/13/2018,33.130001,33.255001,32.98,33,31.839863,2142700
7/16/2018,32.860001,32.959999,32.594002,32.82,31.666189,2759100
7/17/2018,32.830002,32.91,32.560001,32.599998,31.453918,1720400
7/18/2018,32.549999,32.68,32.32,32.48,31.338139,2092200
7/19/2018,32.419998,32.935001,32.360001,32.790001,31.637241,2363400
7/20/2018,32.709999,32.77,32.389999,32.5,31.357439,2041700
7/23/2018,32.490002,32.490002,32.213001,32.41,31.270601,2796900
7/24/2018,32.389999,32.52,32.139999,32.32,31.183765,2104200
7/25/2018,32.34,32.695,32.32,32.639999,31.492516,2608800
7/26/2018,32.669998,32.900002,32.669998,32.75,31.598648,2256900
7/27/2018,32.849998,32.855,32.421001,32.450001,31.309198,2666300
7/30/2018,32.48,32.514999,32.189999,32.419998,31.280249,2941100
7/31/2018,32.669998,33.139999,32.619999,33.049999,31.888102,4027300
8/1/2018,32.799999,33.310001,32.650002,33.27,32.100365,3776600
8/2/2018,33.139999,33.314999,33.048,33.110001,31.945995,2963100
8/3/2018,33.130001,33.584999,33.099998,33.540001,32.360878,2721000
8/6/2018,33.57,33.669998,33.400002,33.470001,32.293339,2860800
8/7/2018,33.57,33.669998,33.209999,33.400002,32.225803,2122400
8/8/2018,33.450001,33.450001,33.154999,33.189999,32.023186,2437300
8/9/2018,33.200001,33.369999,33.169998,33.25,32.08107,1937500
8/10/2018,33.189999,33.32,32.91,32.93,31.772324,2656000
8/13/2018,32.93,33.029999,32.849998,32.919998,31.762671,1652300
8/14/2018,32.990002,33.125,32.91,33.049999,31.888102,1559100
8/15/2018,33.060001,33.365002,32.959999,33.34,32.167904,2608300
8/16/2018,33.330002,33.630001,33.310001,33.599998,32.418766,4032200
8/17/2018,33.619999,33.93,33.59,33.919998,32.727512,2608600
8/20/2018,33.970001,34.134998,33.91,33.959999,32.766106,1947100
8/21/2018,33.889999,33.950001,33.599998,33.650002,32.46701,2117700
8/22/2018,33.630001,33.630001,33.299999,33.439999,32.264393,1380300
8/23/2018,33.43,33.514999,33.34,33.360001,32.18721,1233500
8/24/2018,33.32,33.599998,33.299999,33.59,32.409115,3533100
8/27/2018,33.610001,33.669998,33.360001,33.540001,32.360878,2515300
8/28/2018,33.540001,33.950001,33.450001,33.950001,32.756466,1887900
8/29/2018,33.939999,34.060001,33.880001,33.900002,32.708225,1468700
8/30/2018,33.959999,33.970001,33.665001,33.720001,32.534546,1730100
8/31/2018,33.759998,33.950001,33.740002,33.849998,32.659973,1579300
9/4/2018,33.779999,33.889999,33.48,33.549999,32.370525,2310700
9/5/2018,33.48,33.849998,33.32,33.759998,32.573139,3257000
9/6/2018,33.810001,33.93,33.759998,33.869999,32.679276,1960400
9/7/2018,33.709999,33.720001,33.41,33.439999,32.264393,1899000
9/10/2018,33.59,33.799999,33.549999,33.619999,32.438065,1797100
9/11/2018,33.509998,33.740002,33.419998,33.630001,32.447712,1534300
9/12/2018,33.669998,33.759998,33.509998,33.66,32.476658,1388600
9/13/2018,33.790001,33.959999,33.709999,33.869999,32.679276,1576500
9/14/2018,33.77,33.790001,33.375,33.580002,32.399471,1828300
9/17/2018,33.5,33.82,33.494999,33.77,32.58279,2338800
9/18/2018,33.720001,33.790001,33.5,33.57,32.389824,1451800
9/19/2018,33.580002,33.59,33.195,33.25,32.08107,2033100
9/20/2018,33.259998,33.52,33.130001,33.5,32.322285,1928400
9/21/2018,33.169998,33.305,33.040001,33.150002,32.322285,1954600
9/24/2018,33.040001,33.049999,32.375,32.5,31.688513,2862000
9/25/2018,32.5,32.665001,32.433998,32.470001,31.659264,1710600
9/26/2018,32.5,32.529999,32.07,32.110001,31.30825,2323300
9/27/2018,32.16,32.380001,32.130001,32.209999,31.40575,1599100
9/28/2018,32.220001,32.630001,32.169998,32.610001,31.795767,3145400
10/1/2018,32.610001,32.698002,32.34,32.360001,31.552008,3654400
10/2/2018,32.369999,32.439999,32.259998,32.259998,31.454502,2752400
10/3/2018,32.290001,32.404999,31.709999,31.889999,31.093742,2625100
10/4/2018,31.889999,31.889999,31.469999,31.74,30.947489,2934700
10/5/2018,31.780001,31.950001,31.700001,31.75,30.957237,3406600
10/8/2018,31.85,32.305,31.77,32.16,31.357002,3076200
10/9/2018,32.150002,32.369999,32.009998,32.27,31.464254,4429900
10/10/2018,32.18,32.330002,31.76,31.76,30.96699,4361500
10/11/2018,31.82,31.85,30.76,30.83,30.060209,9558500
10/12/2018,31.01,31.280001,30.65,30.809999,30.040709,5288200
10/15/2018,30.799999,31.290001,30.76,31,30.225965,3894500
10/16/2018,31.040001,31.674999,30.93,31.58,30.791483,3272200
10/17/2018,31.540001,31.674999,31.26,31.49,30.703732,3449400
10/18/2018,31.48,31.775,31.370001,31.5,30.71348,3345200
10/19/2018,31.530001,31.93,31.530001,31.82,31.02549,2999900
10/22/2018,31.9,31.995001,31.360001,31.370001,30.586727,4269600
10/23/2018,31.280001,31.709999,31.16,31.57,30.781731,5159700
10/24/2018,31.620001,32.209999,31.559999,31.940001,31.142494,5443600
10/25/2018,32.009998,32.490002,31.860001,32.32,31.513004,5413800
10/26/2018,32.18,32.220001,31.309999,31.48,30.693979,8951600
10/29/2018,31.709999,32.150002,31.709999,32,31.200996,6143200
10/30/2018,32.040001,32.75,31.959999,32.529999,31.717758,7427400
10/31/2018,32.529999,32.529999,32.02,32.09,31.288748,4202400
11/1/2018,32.18,32.314999,31.969999,32.209999,31.40575,4848800
11/2/2018,32.27,32.279999,31.58,31.940001,31.142494,6876800
11/5/2018,32.02,32.580002,32.02,32.470001,31.659264,4093100
11/6/2018,32.470001,32.66,32.41,32.650002,31.834768,2958800
11/7/2018,32.82,33.029999,32.625,33.009998,32.185772,3917900
11/8/2018,32.970001,33.080002,32.794998,33.080002,32.254032,2665000
11/9/2018,33.029999,33.200001,32.93,33.119999,32.29303,3558700
11/12/2018,33.130001,33.490002,33.130001,33.189999,32.361286,2861900
11/13/2018,33.189999,33.349998,33.009998,33.259998,32.429535,6307600
11/14/2018,33.380001,33.380001,33.080002,33.25,32.419785,4369000
11/15/2018,33.119999,33.18,32.669998,32.990002,32.166279,7158900
11/16/2018,32.98,33.459999,32.939999,33.459999,32.624538,3738100
11/19/2018,33.470001,33.759998,33.310001,33.549999,32.712296,4668200
11/20/2018,33.419998,33.650002,33.099998,33.110001,32.283283,6593700
11/21/2018,33.150002,33.360001,32.939999,33.09,32.263779,3707500
11/23/2018,33.009998,33.130001,32.779999,32.970001,32.146778,2543000
11/26/2018,33.049999,33.18,32.849998,33.040001,32.215031,3242200
11/27/2018,33.02,33.23,32.860001,33.220001,32.390533,3227200
11/28/2018,33.220001,33.529999,33.080002,33.490002,32.653793,3645700
11/29/2018,33.48,33.695,33.279999,33.529999,32.692791,2600700
11/30/2018,33.630001,33.884998,33.465,33.849998,33.004799,4327200
12/3/2018,33.900002,34.029999,33.700001,34.009998,33.160805,5321300
12/4/2018,33.959999,34.130001,33.509998,33.560001,32.722042,6476800
12/6/2018,33.48,34.5,33.09,34.48,33.619072,6368500
12/7/2018,34.369999,34.380001,33.860001,33.959999,33.112053,5559900
12/10/2018,33.959999,33.990002,33.314999,33.830002,32.985306,9157900
12/11/2018,33.990002,34.139999,33.869999,33.889999,33.0438,4645200
12/12/2018,34.02,34.119999,33.224998,33.25,32.419785,4298900
12/13/2018,33.279999,33.759998,33.279999,33.48,32.644043,4652700
12/14/2018,33.380001,33.52,33.209999,33.419998,32.585537,4138700
12/17/2018,33.459999,33.540001,32.099998,32.169998,31.366749,7214000
12/18/2018,32.459999,32.73,32.330002,32.490002,31.678764,8109100
12/19/2018,32.52,32.779999,32.09,32.189999,31.38625,12878000
12/20/2018,32.310001,32.325001,31.58,31.799999,31.005989,11333000
12/21/2018,31.6,32.099998,30.919001,30.950001,30.531494,15120000
12/24/2018,31.1,31.1,29.801001,29.809999,29.406908,10641000
12/26/2018,29.91,30.77,29.52,30.76,30.344065,10947900
12/27/2018,30.559999,30.84,29.93,30.83,30.413115,14151800
12/28/2018,31.110001,31.24,30.677,30.940001,30.521629,10391000
12/31/2018,31.040001,31.049999,30.51,31,30.580818,7807200
1/2/2019,30.799999,30.85,30.110001,30.290001,29.880419,10445000
1/3/2019,30.26,30.93,30.25,30.43,30.018524,9743800
1/4/2019,30.68,31.02,30.469999,30.74,30.324333,9620900
1/7/2019,30.780001,31.219999,30.75,31,30.580818,5141800
1/8/2019,31.190001,31.610001,31.09,31.540001,31.113516,7575900
1/9/2019,31.58,31.629999,31.139999,31.41,30.985273,5100800
1/10/2019,31.32,31.950001,31.26,31.91,31.478512,7837200
1/11/2019,31.809999,31.99,31.68,31.969999,31.537701,3095100
1/14/2019,31.85,32.060001,31.74,31.870001,31.439054,2918300
1/15/2019,31.889999,32.299999,31.889999,32.23,31.794186,3925000
1/16/2019,32.200001,32.514999,32.110001,32.380001,31.942158,7295900
1/17/2019,32.34,32.580002,32.290001,32.540001,32.099995,3397100
1/18/2019,32.669998,32.669998,32.394001,32.66,32.218372,7865600
1/22/2019,32.630001,32.720001,32.330002,32.599998,32.15918,8116300
1/23/2019,32.77,32.77,32.41,32.619999,32.178913,3087500
1/24/2019,32.57,32.825001,32.389999,32.75,32.307152,4578000
1/25/2019,32.860001,33.16,32.66,33.130001,32.682018,3031400
1/28/2019,33.02,33.490002,32.959999,33.459999,33.007553,5276000
1/29/2019,33.34,33.740002,33.279999,33.720001,33.264038,2530000
1/30/2019,33.759998,34.119999,33.630001,34,33.540253,5118100
1/31/2019,33.970001,34.389999,33.66,34.330002,33.865791,7024500
2/1/2019,34.380001,34.470001,33.669998,34.119999,33.65863,9829200
2/4/2019,34.080002,34.34,33.799999,34.32,33.855923,6513600
2/5/2019,34.360001,34.560001,34.130001,34.549999,34.082813,4186000
2/6/2019,34.450001,34.490002,34.165001,34.279999,33.816467,3535200
2/7/2019,34.200001,34.584999,34.09,34.57,34.102547,6325300
2/8/2019,34.43,34.669998,34.369999,34.57,34.102547,2913100
2/11/2019,34.599998,34.720001,34.450001,34.669998,34.201187,2971900
2/12/2019,34.700001,34.700001,34.292999,34.43,33.964439,8982900
2/13/2019,34.41,34.68,34.299999,34.66,34.191326,3751800
2/14/2019,34.68,34.919998,34.470001,34.790001,34.319569,4007000
2/15/2019,34.889999,35.009998,34.790001,35,34.52673,2674800
2/19/2019,34.950001,35.119999,34.880001,35.040001,34.566189,3921300
2/20/2019,34.869999,35,34.563,34.82,34.349163,3200300
2/21/2019,34.689999,34.889999,34.48,34.880001,34.408356,4484200
2/22/2019,34.919998,35.220001,34.759998,35.080002,34.605648,3477800
2/25/2019,35.139999,35.189999,34.75,34.790001,34.319569,4075800
2/26/2019,34.889999,34.950001,34.66,34.720001,34.250519,2674700
2/27/2019,34.59,34.77,34.330002,34.610001,34.142006,3252300
2/28/2019,34.599998,35.119999,34.490002,34.709999,34.240646,5002100
3/1/2019,34.77,34.77,34.264999,34.669998,34.201187,5897500
3/4/2019,34.77,34.849998,34.404999,34.810001,34.339298,6178600
3/5/2019,34.75,35.040001,34.689999,34.91,34.437946,4066400
3/6/2019,34.919998,35.049999,34.759998,34.82,34.349163,3832300
3/7/2019,34.84,35.09,34.68,34.790001,34.319569,7592600
3/8/2019,34.720001,34.985001,34.655998,34.82,34.349163,3103900
3/11/2019,34.98,35.389999,34.931999,35.360001,34.881863,4124100
3/12/2019,35.41,35.630001,35.389999,35.549999,35.06929,4323800
3/13/2019,35.57,35.830002,35.57,35.720001,35.236996,2726000
3/14/2019,35.73,35.82,35.610001,35.810001,35.325779,4504400
3/15/2019,35.639999,35.66,35.389999,35.459999,35.180923,5436300
3/18/2019,35.5,35.57,35.119999,35.279999,35.002342,3318300
3/19/2019,35.310001,35.369999,35.07,35.18,34.90313,3464300
3/20/2019,35.209999,35.529999,34.946999,35.34,35.061871,8689800
3/21/2019,35.290001,35.98,35.27,35.970001,35.686913,4798000
3/22/2019,35.970001,36.306999,35.799999,35.799999,35.51825,5026000
3/25/2019,35.82,35.970001,35.665001,35.830002,35.548016,4370800
3/26/2019,35.959999,36.07,35.849998,36.049999,35.766281,2357500
3/27/2019,36.110001,36.220001,35.709999,35.93,35.647224,2939100
3/28/2019,36.009998,36.235001,35.889999,36.23,35.944866,3626500
3/29/2019,36.220001,36.290001,36.064999,36.220001,35.934944,3565600
4/1/2019,36.27,36.290001,35.77,36.110001,35.825809,6733100
4/2/2019,36.150002,36.485001,35.880001,36.419998,36.133369,6604200
4/3/2019,36.41,36.540001,36.099998,36.380001,36.093685,3581300
4/4/2019,36.419998,36.43,36.110001,36.27,35.98455,3507700
4/5/2019,36.310001,36.587002,36.209999,36.549999,36.262344,2869900
4/8/2019,36.540001,36.59,36.27,36.369999,36.083763,2918500
4/9/2019,36.380001,36.43,36.209999,36.259998,35.974628,2094500
4/10/2019,36.349998,36.549999,36.310001,36.549999,36.262344,2606200
4/11/2019,36.560001,36.700001,36.349998,36.5,36.212742,3705500
4/12/2019,36.450001,36.700001,36.200001,36.700001,36.411167,2691300
4/15/2019,36.709999,36.709999,36.369999,36.48,36.192898,2115300
4/16/2019,36.490002,36.490002,35.439999,35.619999,35.339664,3994500
4/17/2019,35.73,35.799999,35.134998,35.25,34.972576,4323500
4/18/2019,35.41,35.59,35.110001,35.529999,35.250374,2756900
4/22/2019,35.459999,35.459999,34.825001,35.139999,34.863441,4012600
4/23/2019,35.27,35.630001,35.139999,35.540001,35.260296,5469100
4/24/2019,35.639999,35.93,35.549999,35.790001,35.508327,3304200
4/25/2019,35.68,35.860001,35.459999,35.75,35.468643,4198400
4/26/2019,35.889999,36.014999,35.709999,35.990002,35.706757,2517000
4/29/2019,35.869999,36.07,35.575001,35.619999,35.339664,3256800
4/30/2019,35.639999,36.075001,35.389999,36.029999,35.746437,4650200
5/1/2019,36.060001,36.470001,35.959999,36.029999,35.746437,6051300
5/2/2019,36.040001,36.459999,36.040001,36.099998,35.815887,5382600
5/3/2019,36.25,36.41,36.080002,36.349998,36.063919,3223400
5/6/2019,36.189999,36.34,35.970001,36.200001,35.9151,3377200
5/7/2019,36.080002,36.139999,35.32,35.580002,35.299984,3711800
5/8/2019,35.650002,35.919998,35.564999,35.580002,35.299984,3831500
5/9/2019,35.5,35.740002,35.259998,35.700001,35.419037,5684500
5/10/2019,35.619999,36.200001,35.595001,36.110001,35.825809,3268400
5/13/2019,35.869999,36.169998,35.799999,36.110001,35.825809,3392100
5/14/2019,36.18,36.389999,36.099998,36.240002,35.954788,3984400
5/15/2019,36.240002,36.610001,36.099998,36.48,36.192898,3478200
5/16/2019,36.48,36.84,36.450001,36.689999,36.401245,2834200
5/17/2019,36.52,36.709999,36.439999,36.639999,36.351639,3403200
5/20/2019,36.509998,36.57,35.919998,36.049999,35.766281,3472100
5/21/2019,36.209999,36.455002,36.150002,36.349998,36.063919,2353600
5/22/2019,36.389999,36.549999,36.310001,36.52,36.232582,1982800
5/23/2019,36.419998,36.735001,36.360001,36.700001,36.411167,2521100
5/24/2019,36.860001,36.990002,36.740002,36.75,36.460773,1523600
5/28/2019,36.93,36.990002,36.360001,36.369999,36.083763,2496400
5/29/2019,36.34,36.43,35.801998,35.950001,35.667068,2648700
5/30/2019,35.990002,36.285,35.93,36.169998,35.885334,2656200
5/31/2019,36.09,36.669998,36.040001,36.470001,36.182976,4582100
6/3/2019,36.599998,36.669998,36.290001,36.610001,36.321877,6621400
6/4/2019,36.619999,36.619999,36.099998,36.41,36.123447,3596800
6/5/2019,36.619999,37.259998,36.490002,37.240002,36.946918,4495200
6/6/2019,37.34,37.380001,37.080002,37.310001,37.016365,2272500
6/7/2019,37.52,37.66,37.380001,37.43,37.135422,2114000
6/10/2019,37.48,37.509998,37.130001,37.299999,37.006443,3041400
6/11/2019,37.400002,37.48,37.115002,37.369999,37.075893,2472200
6/12/2019,37.419998,37.689999,37.380001,37.509998,37.21479,2555500
6/13/2019,37.540001,37.615002,37.415001,37.560001,37.2644,2511300
6/14/2019,37.560001,37.846001,37.560001,37.720001,37.423141,1945900
6/17/2019,37.82,38.174999,37.82,38.130001,37.829914,4130200
6/18/2019,38.330002,38.490002,37.869999,38.02,37.720779,4654400
6/19/2019,37.990002,38.395,37.810001,38.27,37.968811,4654300
6/20/2019,38.450001,38.619999,38.419998,38.5,38.196999,4478800
6/21/2019,38.169998,38.169998,37.580002,37.77,37.77,9512500
6/24/2019,37.860001,37.990002,37.52,37.580002,37.580002,5083600
6/25/2019,37.619999,37.759998,37.060001,37.07,37.07,3829000
6/26/2019,37.07,37.07,36.220001,36.349998,36.349998,7944600
6/27/2019,36.57,36.790001,36.549999,36.650002,36.650002,4578500
6/28/2019,36.709999,36.979,36.650002,36.77,36.77,5010600
7/1/2019,36.950001,37,36.285,36.700001,36.700001,6775000
7/2/2019,36.799999,37.389999,36.77,37.380001,37.380001,5959000
7/3/2019,37.490002,37.93,37.448002,37.919998,37.919998,3519500
7/5/2019,37.639999,37.839001,37.130001,37.709999,37.709999,5079200
7/8/2019,37.68,37.93,37.619999,37.849998,37.849998,3435900
7/9/2019,37.77,38.095001,37.720001,38.049999,38.049999,3166600
7/10/2019,38.189999,38.310001,37.970001,38.259998,38.259998,8591200
7/11/2019,38.200001,38.209999,37.605,37.77,37.77,5157600
7/12/2019,37.790001,37.84,37.494999,37.619999,37.619999,3620400
7/15/2019,37.700001,37.919998,37.57,37.669998,37.669998,2650100
7/16/2019,37.630001,37.745998,37.490002,37.610001,37.610001,3533000
7/17/2019,37.709999,37.830002,37.224998,37.419998,37.419998,3227300
7/18/2019,37.330002,37.52,37.130001,37.41,37.41,4028800
7/19/2019,37.450001,37.490002,36.759998,36.799999,36.799999,4515800
